Workbook
Name age: #REF!
Name count: #REF!
Name worth: #REF!

Sheet Report
B4: Student Report Card
B6: Student: | C6: Emma Johnson
B7: ID: | C7: =_xlfn.XLOOKUP($C$6,Data!C3:C12,Data!B3:B12) -> S001
B8: Year: | C8: =_xlfn.XLOOKUP($C$6,Data!C3:C12,Data!D3:D12) -> 10
B9: Classroom: | C9: =_xlfn.XLOOKUP($C$6,Data!C3:C12,Data!E3:E12) -> 10-A
B11: KEY METRICS
B12: Avg Score | C12: Prior Avg | D12: Trend | E12: Attendance | F12: Class Rank | G12: Grade
B13: =_xlfn.XLOOKUP($C$6,Data!C3:C12,Data!K3:K12) -> 90 | C13: =_xlfn.XLOOKUP($C$6,Data!C3:C12,Data!Q3:Q12) -> 87 | D13: =IF(B13>=C13,"🔺","🔻") -> 🔺 | E13: =_xlfn.XLOOKUP($C$6,Data!C3:C12,Data!R3:R12) -> 0.97 | F13: ="#"&_xlfn.RANK.EQ(B13,Data!K3:K12)&" of "&COUNTA(Data!K3:K12) -> #3 of 10 | G13: =IF(B13>=90,"A",IF(B13>=80,"B",IF(B13>=70,"C",IF(B13>=60,"D","F")))) -> A
B15: SUBJECT BREAKDOWN
B16: Subject | C16: Current | D16: Prior | E16: Change | F16: Trend | G16: Grade
B17: {=TRANSPOSE(Data!F2:J2)} -> Math | C17: =_xlfn.XLOOKUP($C$6,Data!$C$3:$C$12,Data!F3:F12) -> 92 | D17: =_xlfn.XLOOKUP($C$6,Data!$C$3:$C$12,Data!L$3:L$12) -> 88 | E17: =C17-D17 -> 4 | F17: =IF(E17>=0,"🔺","🔻") -> 🔺 | G17: =IF(C17>=90,"A",IF(C17>=80,"B",IF(C17>=70,"C",IF(C17>=60,"D","F")))) -> A
B18: Science | C18: =_xlfn.XLOOKUP($C$6,Data!$C$3:$C$12,Data!G3:G12) -> 88 | D18: =_xlfn.XLOOKUP($C$6,Data!$C$3:$C$12,Data!M$3:M$12) -> 85 | E18: =C18-D18 -> 3 | F18: =IF(E18>=0,"🔺","🔻") -> 🔺 | G18: =IF(C18>=90,"A",IF(C18>=80,"B",IF(C18>=70,"C",IF(C18>=60,"D","F")))) -> B
B19: English | C19: =_xlfn.XLOOKUP($C$6,Data!$C$3:$C$12,Data!H3:H12) -> 95 | D19: =_xlfn.XLOOKUP($C$6,Data!$C$3:$C$12,Data!N$3:N$12) -> 91 | E19: =C19-D19 -> 4 | F19: =IF(E19>=0,"🔺","🔻") -> 🔺 | G19: =IF(C19>=90,"A",IF(C19>=80,"B",IF(C19>=70,"C",IF(C19>=60,"D","F")))) -> A
B20: History | C20: =_xlfn.XLOOKUP($C$6,Data!$C$3:$C$12,Data!I3:I12) -> 85 | D20: =_xlfn.XLOOKUP($C$6,Data!$C$3:$C$12,Data!O$3:O$12) -> 82 | E20: =C20-D20 -> 3 | F20: =IF(E20>=0,"🔺","🔻") -> 🔺 | G20: =IF(C20>=90,"A",IF(C20>=80,"B",IF(C20>=70,"C",IF(C20>=60,"D","F")))) -> B
B21: Art | C21: =_xlfn.XLOOKUP($C$6,Data!$C$3:$C$12,Data!J3:J12) -> 90 | D21: =_xlfn.XLOOKUP($C$6,Data!$C$3:$C$12,Data!P$3:P$12) -> 89 | E21: =C21-D21 -> 1 | F21: =IF(E21>=0,"🔺","🔻") -> 🔺 | G21: =IF(C21>=90,"A",IF(C21>=80,"B",IF(C21>=70,"C",IF(C21>=60,"D","F")))) -> A
B23: STRENGTHS & FOCUS AREAS | F23: ATTENDANCE
B24: Top Strength | C24: =_xlfn.XLOOKUP(D24,$C$17:$C$22,$B$17:$B$22) -> English | D24: =MAX(C17:C21) -> 95 | F24: Days Absent | G24: =_xlfn.XLOOKUP($C$6,Data!C3:C12,Data!S3:S12) -> 5
B25: 2nd Strength | C25: =_xlfn.XLOOKUP(D25,$C$17:$C$22,$B$17:$B$22) -> Math | D25: =LARGE(C17:C21,2) -> 92 | F25: Attendance % | G25: =E13 -> 0.97
B26: Lowest | C26: =_xlfn.XLOOKUP(D26,$C$17:$C$22,$B$17:$B$22) -> History | D26: =MIN(C17:C21) -> 85 | F26: vs. Class Attendance | G26: =G25-AVERAGE(Data!R3:R12) -> 0.05
B27: 2nd Lowest | C27: =_xlfn.XLOOKUP(D27,$C$17:$C$22,$B$17:$B$22) -> Science | D27: =SMALL(C17:C21,2) -> 88 | F27: Class avg % | G27: =AVERAGE(Data!R3:R12) -> 0.92
B28: Most Improved | C28: {=_xlfn.XLOOKUP(D28,$E$17:$E$21,_xlfn.ANCHORARRAY($B$17))} -> Math | D28: =MAX(E17:E21) -> 4 | F28: vs. Class Score | G28: =B13-AVERAGE(Data!K3:K12) -> 8.24
B29: Biggest Drop | C29: {=_xlfn.XLOOKUP(D29,$E$17:$E$21,_xlfn.ANCHORARRAY($B$17))} -> Art | D29: =MIN(E17:E21) -> 1 | F29: Class Score | G29: =AVERAGE(Data!K3:K12) -> 81.76
B31: TEACHER'S COMMENTS
B32: =$C$6&" is performing at "&IF(B13>=90,"an excellent",IF(B13>=80,"a strong",IF(B13>=70,"a satisfactory",IF(B13>=60,"a below-average","a struggling"))))&" level overall, with an average score of "&TEXT(B13,"0.0")&" (Grade "&G13&"). "&IF(B13-C13>=2,"Notable improvement vs. prior term. ",IF(B13-C13<=-2,"Performance has declined vs. prior term — follow-up recommended. ","Performance is consistent with prior term. "))&"Strongest area: "&INDEX($B$17:$B$21,MATCH(MAX($C$17:$C$21),$C$17:$C$21,0))&". Focus area: "&INDEX($B$17:$B$21,MATCH(MIN($C$17:$C$21),$C$17:$C$21,0))&". Attendance is "&IF(G25>=0.95,"excellent",IF(G25>=0.85,"acceptable but should be monitored","a concern requiring intervention"))&"." -> Emma Johnson is performing at an excellent level overall, with an average score of 90.0 (Grade A). Notable improvement vs. prior term. Strongest area: English. Focus area: History. Attendance is excellent.

Sheet Data
B2: Student ID | C2: Name | D2: Year | E2: Classroom | F2: Math | G2: Science | H2: English | I2: History | J2: Art | K2: Average | L2: Math (Prior) | M2: Science (Prior) | N2: English (Prior) | O2: History (Prior) | P2: Art (Prior) | Q2: Average2 | R2: Attendance % | S2: Days Absent
B3: S001 | C3: Emma Johnson | D3: 10 | E3: 10-A | F3: 92 | G3: 88 | H3: 95 | I3: 85 | J3: 90 | K3: =AVERAGE(Data!$F3:$J3) -> 90 | L3: 88 | M3: 85 | N3: 91 | O3: 82 | P3: 89 | Q3: =AVERAGE(Data!$L3:$P3) -> 87 | R3: 0.97 | S3: 5
B4: S002 | C4: Liam Smith | D4: 10 | E4: 10-A | F4: 78 | G4: 82 | H4: 74 | I4: 80 | J4: 85 | K4: =AVERAGE(Data!$F4:$J4) -> 79.8 | L4: 82 | M4: 80 | N4: 78 | O4: 76 | P4: 80 | Q4: =AVERAGE(Data!$L4:$P4) -> 79.2 | R4: 0.91 | S4: 16
B5: S003 | C5: Olivia Brown | D5: 10 | E5: 10-B | F5: 65 | G5: 70 | H5: 72 | I5: 68 | J5: 75 | K5: =AVERAGE(Data!$F5:$J5) -> 70 | L5: 70 | M5: 74 | N5: 75 | O5: 72 | P5: 78 | Q5: =AVERAGE(Data!$L5:$P5) -> 73.8 | R5: 0.84 | S5: 29
B6: S004 | C6: Noah Davis | D6: 10 | E6: 10-B | F6: 95 | G6: 97 | H6: 89 | I6: 92 | J6: 80 | K6: =AVERAGE(Data!$F6:$J6) -> 90.6 | L6: 90 | M6: 92 | N6: 87 | O6: 88 | P6: 82 | Q6: =AVERAGE(Data!$L6:$P6) -> 87.8 | R6: 0.99 | S6: 2
B7: S005 | C7: Ava Wilson | D7: 10 | E7: 10-A | F7: 71 | G7: 75 | H7: 80 | I7: 78 | J7: 92 | K7: =AVERAGE(Data!$F7:$J7) -> 79.2 | L7: 75 | M7: 78 | N7: 76 | O7: 74 | P7: 88 | Q7: =AVERAGE(Data!$L7:$P7) -> 78.2 | R7: 0.93 | S7: 12
B8: S006 | C8: Ethan Garcia | D8: 10 | E8: 10-C | F8: 83 | G8: 79 | H8: 85 | I8: 90 | J8: 78 | K8: =AVERAGE(Data!$F8:$J8) -> 83 | L8: 80 | M8: 82 | N8: 83 | O8: 85 | P8: 80 | Q8: =AVERAGE(Data!$L8:$P8) -> 82 | R8: 0.95 | S8: 9
B9: S007 | C9: Sophia Martinez | D9: 10 | E9: 10-C | F9: 88 | G9: 92 | H9: 90 | I9: 86 | J9: 94 | K9: =AVERAGE(Data!$F9:$J9) -> 90 | L9: 85 | M9: 88 | N9: 92 | O9: 84 | P9: 91 | Q9: =AVERAGE(Data!$L9:$P9) -> 88 | R9: 0.96 | S9: 7
B10: S008 | C10: Mason Anderson | D10: 10 | E10: 10-B | F10: 58 | G10: 62 | H10: 68 | I10: 65 | J10: 70 | K10: =AVERAGE(Data!$F10:$J10) -> 64.6 | L10: 65 | M10: 68 | N10: 71 | O10: 68 | P10: 72 | Q10: =AVERAGE(Data!$L10:$P10) -> 68.8 | R10: 0.78 | S10: 40
B11: S009 | C11: Isabella Taylor | D11: 10 | E11: 10-A | F11: 94 | G11: 91 | H11: 96 | I11: 93 | J11: 88 | K11: =AVERAGE(Data!$F11:$J11) -> 92.4 | L11: 91 | M11: 89 | N11: 94 | O11: 91 | P11: 87 | Q11: =AVERAGE(Data!$L11:$P11) -> 90.4 | R11: 0.98 | S11: 4
B12: S010 | C12: James Thomas | D12: 10 | E12: 10-C | F12: 76 | G12: 74 | H12: 78 | I12: 82 | J12: 80 | K12: =AVERAGE(Data!$F12:$J12) -> 78 | L12: 80 | M12: 78 | N12: 75 | O12: 85 | P12: 78 | Q12: =AVERAGE(Data!$L12:$P12) -> 79.2 | R12: 0.89 | S12: 20
